,id,budget_adj,revenue_adj,production_company
4,168259,174799923.088,1385748801.47,Universal Pictures
6,87101,142599937.256,405355075.684,Paramount Pictures
8,211672,68079970.0448,1064192016.8,Universal Pictures
24,318846,25759988.6656,122678731.541,Paramount Pictures
25,177677,137999939.28,627743451.673,Paramount Pictures
26,214756,62559972.4736,198594430.138,Universal Pictures
32,254470,26679988.2608,264505582.098,Universal Pictures
42,321697,27599987.856,31686509.2179,Universal Pictures
52,253412,50599977.736,187153294.933,Universal Pictures
59,201088,64399971.664,16332697.6136,Universal Pictures
69,271718,32199985.832,129532072.566,Universal Pictures
91,274167,45999979.76,221131463.342,Paramount Pictures
102,241251,3679998.3808,46150034.454,Universal Pictures
106,273477,13799993.928,13671898.7044,Paramount Pictures
110,287903,13799993.928,56624785.5251,Universal Pictures
116,297291,0.0,0.0,Universal Pictures
118,227719,11039995.1424,29668368.6659,Paramount Pictures
124,146301,9199995.952,71851557.1453,Paramount Pictures
129,228165,68079970.0448,286666383.307,Paramount Pictures
211,243938,12879994.3328,11329473.935,Paramount Pictures
285,266639,4599997.976,2146988.33533,Universal Pictures
401,347754,0.0,0.0,Universal Pictures
412,343934,0.0,0.0,Paramount Pictures
565,157336,151980023.377,572690645.123,Paramount Pictures
580,240832,36843642.0309,426796807.314,Universal Pictures
581,98566,115136381.346,439544649.428,Paramount Pictures
584,91314,193429120.662,226127852.964,Paramount Pictures
598,242512,4605455.25386,94439261.8745,Universal Pictures
607,49017,64476373.554,198522018.221,Universal Pictures
617,238636,8289819.45694,100198906.849,Universal Pictures
621,184315,92109105.0771,224193561.758,Paramount Pictures
622,86834,115136381.346,334022131.055,Paramount Pictures
626,195589,16579638.9139,246997381.338,Universal Pictures
632,168530,23027276.2693,141846012.919,Universal Pictures
635,137094,55265463.0463,46560330.0822,Paramount Pictures
691,226857,18421821.0154,31388867.1409,Universal Pictures
775,284296,0.0,23427297.8228,Paramount Pictures
805,243684,0.0,424772.191156,Paramount Pictures
811,227300,0.0,0.0,Universal Pictures
907,284536,23027276.2693,36080177.2916,Paramount Pictures
1051,285423,0.0,0.0,Universal Pictures
1107,260535,7368728.40617,0.0,Universal Pictures
1130,298931,0.0,0.0,Universal Pictures
1217,11009,12592233.614,853081315.968,Paramount Pictures
1219,11006,0.0,455973514.575,Universal Pictures
1224,11590,0.0,100737868.912,Universal Pictures
1229,7227,21586686.1954,107933430.977,Universal Pictures
1236,50374,0.0,0.0,Paramount Pictures
1241,38985,79151182.7165,43173372.3908,Paramount Pictures
1246,24655,0.0,0.0,Universal Pictures
1248,10670,0.0,0.0,Universal Pictures
1256,18196,0.0,10.7933430977,Universal Pictures
1262,16869,71148030.3887,324364937.763,Universal Pictures
1266,13475,152460065.119,392005772.748,Paramount Pictures
1273,13183,132132056.436,188297310.747,Paramount Pictures
1282,14869,177870075.972,307429640.188,Paramount Pictures
1301,16871,30492013.0237,92332504.8315,Universal Pictures
1314,19899,71148030.3887,174663169.978,Universal Pictures
1321,11322,81312034.73,217616028.716,Universal Pictures
1331,16995,60984026.0475,89223892.8909,Universal Pictures
1338,18947,50820021.7062,36944919.8375,Universal Pictures
1345,25643,18295207.8142,36725611.1158,Universal Pictures
1362,8373,152460065.119,850012865.597,Paramount Pictures
1368,22897,86394036.9006,222697050.06,Universal Pictures
1373,18162,101640043.412,69815357.6479,Universal Pictures
1378,26123,0.0,0.0,Universal Pictures
1401,24418,40656017.365,28631665.8336,Universal Pictures
1407,22947,25410010.8531,166354259.053,Paramount Pictures
1413,13804,86394036.9006,369120316.605,Universal Pictures
1421,38842,22360809.5507,0.0,Paramount Pictures
1423,17336,0.0,33006709.6658,Paramount Pictures
1434,22824,10164004.3412,43027579.4159,Universal Pictures
1441,16558,79428291.0182,60984026.0475,Universal Pictures
1508,21724,0.0,0.0,Paramount Pictures
1551,19724,55902023.8769,0.0,Paramount Pictures
1663,18480,42688818.2332,0.0,Universal Pictures
1733,15004,0.0,0.0,Paramount Pictures
1744,20352,69000000.0,543513985.0,Universal Pictures
1747,11324,80000000.0,294804195.0,Paramount Pictures
1759,44264,38000000.0,252276927.0,Paramount Pictures
1764,22538,60000000.0,47664559.0,Universal Pictures
1765,39451,100000000.0,310650585.0,Paramount Pictures
1781,10196,150000000.0,318502923.0,Paramount Pictures
1789,31867,32000000.0,18409891.0,Universal Pictures
1796,25195,19000000.0,29922472.0,Universal Pictures
1797,22972,100000000.0,94882889.0,Universal Pictures
1800,37950,44000000.0,48190704.0,Universal Pictures
1816,45317,25000000.0,9190869.0,Paramount Pictures
1817,32823,40000000.0,90029656.0,Universal Pictures
1830,35019,35000000.0,93246388.0,Universal Pictures
1842,41436,3000000.0,177512032.0,Paramount Pictures
1854,54553,0.0,0.0,Universal Pictures
1870,38778,69000000.0,86387857.0,Paramount Pictures
1888,7978,150000000.0,0.0,Universal Pictures
1892,54551,0.0,0.0,Universal Pictures
1894,58496,0.0,8212430.0,Universal Pictures
1990,44040,10000000.0,33583175.0,Universal Pictures
2019,54559,0.0,0.0,Universal Pictures
2100,39440,0.0,0.0,Paramount Pictures
2168,564,104724227.728,544416081.924,Universal Pictures
2173,2668,130905284.659,269758486.295,Paramount Pictures
2175,2105,14399581.3125,308259696.711,Universal Pictures
2188,9481,95560857.8014,198313200.319,Universal Pictures
2195,9473,27490109.7785,0.0,Paramount Pictures
2196,2112,117814756.193,211577133.779,Paramount Pictures
2197,4806,91633699.2616,405096233.056,Paramount Pictures
2199,10398,91633699.2616,232803997.743,Paramount Pictures
2206,10400,65452642.3297,96812627.8045,Universal Pictures
2209,8649,41889691.091,0.0,Paramount Pictures
2219,2275,78543170.7957,195972871.712,Paramount Pictures
2222,9451,0.0,0.0,Paramount Pictures
2226,9423,98178963.4946,18340733.6273,Universal Pictures
2227,1213,52362113.8638,168603735.435,Paramount Pictures
2230,9824,89015593.5684,38960045.2199,Universal Pictures
2236,13466,0.0,0.0,Universal Pictures
2273,10397,32.7263211649,17.0176870057,Paramount Pictures
2274,12220,65452642.3297,77103253.245,Universal Pictures
2277,27653,0.0,0.0,Universal Pictures
2291,11353,71997906.5627,0.0,Universal Pictures
2295,14709,0.0,0.0,Paramount Pictures
2306,10219,0.0,0.0,Universal Pictures
2307,16162,11781475.6193,45258905.1265,Universal Pictures
2312,10390,65452642.3297,0.0,Universal Pictures
2318,15256,7854317.07957,8970219.17865,Paramount Pictures
2320,8970,98178963.4946,37962532.5512,Paramount Pictures
2333,22267,49744008.1706,831374.226661,Universal Pictures
2355,17709,91633699.2616,0.0,Universal Pictures
2369,10482,0.0,0.0,Universal Pictures
2386,1734,120685835.436,533250701.302,Universal Pictures
2388,1995,141621133.42,338293898.826,Paramount Pictures
2390,2770,36944643.5008,354118835.155,Universal Pictures
2396,853,86204168.1686,119425124.106,Paramount Pictures
2400,9398,34481667.2674,74851055.8225,Paramount Pictures
2410,1903,83741191.9352,250470325.016,Paramount Pictures
2413,1535,113296906.736,176163833.238,Universal Pictures
2429,2043,73889287.0016,129526148.002,Paramount Pictures
2432,9896,59111429.6013,105290428.616,Paramount Pictures
2459,20857,39407619.7342,49533812.7845,Paramount Pictures
2466,11371,83741191.9352,87521717.6008,Paramount Pictures
2473,8386,14777857.4003,38367547.9729,Universal Pictures
2474,16300,0.0,0.0,Paramount Pictures
2495,9799,46796548.4344,255267690.419,Universal Pictures
2516,9740,107139466.152,433104848.775,Universal Pictures
2517,11456,92361608.752,66807360.9,Paramount Pictures
2527,24478,0.0,0.0,Universal Pictures
2551,19366,27092738.5673,0.0,Universal Pictures
2597,11631,52664904.9581,617639458.694,Universal Pictures
2598,4922,151917995.071,338201950.262,Paramount Pictures
2599,1735,146854061.902,406257724.017,Universal Pictures
2600,1724,151917995.071,165805400.34,Universal Pictures
2603,11253,86086863.8738,162438886.429,Universal Pictures
2606,8909,75958997.5357,261572412.016,Universal Pictures
2620,10483,45575398.5214,74705690.2809,Universal Pictures
2625,7191,25319665.8452,172947523.068,Paramount Pictures
2627,9870,30383599.0143,106517925.108,Universal Pictures
2638,8390,0.0,56156960.8623,Universal Pictures
2650,15373,28358025.7467,93562168.0845,Universal Pictures
2651,13486,0.0,0.0,Universal Pictures
2659,8204,91150797.0428,164921838.192,Paramount Pictures
2662,13971,0.0,0.0,Universal Pictures
2674,12177,62792771.2962,42353789.0576,Paramount Pictures
2710,8988,25319665.8452,11350431.4674,Paramount Pictures
2711,8457,40511465.3524,0.0,Paramount Pictures
2773,12689,1.01278663381,0.0,Paramount Pictures
2786,14220,0.0,6659357.72313,Paramount Pictures
2867,14914,0.0,0.0,Universal Pictures
2872,20268,4760097.1789,0.0,Paramount Pictures
2921,13490,35447532.1833,44208931.6033,Universal Pictures
3043,56292,140562716.176,673453790.734,Paramount Pictures
3057,41630,24234951.0648,143258069.269,Paramount Pictures
3058,17578,126021745.537,360557976.789,Paramount Pictures
3059,55721,31505436.3842,279558422.712,Universal Pictures
3061,37686,48469902.1296,252136540.684,Paramount Pictures
3077,44896,130868735.75,238204949.165,Paramount Pictures
3078,49520,50408698.2148,73141505.9405,Universal Pictures
3079,44826,164797667.241,180085229.476,Paramount Pictures
3093,57157,11632776.5111,22237047.8728,Paramount Pictures
3097,38050,48663781.7381,123956325.71,Universal Pictures
3100,59861,29081941.2777,35053796.7444,Universal Pictures
3101,39513,38775921.7037,94566766.3208,Universal Pictures
3127,58233,43622911.9166,155179867.929,Universal Pictures
3133,60935,33928931.4907,27267877.6387,Universal Pictures
3134,59108,72704853.1944,148250646.588,Universal Pictures
3136,38319,48372962.3253,25322264.7465,Universal Pictures
3140,63710,0.0,0.0,Universal Pictures
3148,64685,38775921.7037,53557187.6987,Paramount Pictures
3168,50359,61072076.6833,178324379.004,Universal Pictures
3182,38356,189032618.305,1089358138.29,Paramount Pictures
3183,72571,4846990.21296,199408878.523,Paramount Pictures
3217,48340,29081941.2777,105285652.521,Universal Pictures
3256,78080,0.0,0.0,Universal Pictures
3273,51497,121174755.324,606976636.538,Universal Pictures
3366,57353,24234951.0648,0.0,Universal Pictures
3497,2501,72735683.6172,259465426.669,Universal Pictures
3527,245,32731057.6278,156381719.777,Universal Pictures
3531,201,72735683.6172,81600740.2553,Paramount Pictures
3534,590,30306534.8405,131949890.933,Paramount Pictures
3543,10375,66674376.6491,7778235.20441,Universal Pictures
3545,9334,72735683.6172,200427031.199,Universal Pictures
3551,4614,82.4337747662,233.966448969,Paramount Pictures
3553,10590,90919604.5215,138998841.805,Paramount Pictures
3554,9012,6061306.9681,77926965.1303,Paramount Pictures
3565,9027,0.0,0.0,Universal Pictures
3571,1537,54551762.7129,115086961.571,Paramount Pictures
3573,8665,121226139.362,42633979.7354,Paramount Pictures
3592,9298,0.0,0.0,Universal Pictures
3605,9093,42429148.7767,36225576.8728,Paramount Pictures
3618,16077,3636784.18086,0.0,Universal Pictures
3628,15028,31518796.2341,47027599.3127,Paramount Pictures
3633,11870,18183920.9043,64213502.9917,Universal Pictures
3635,11022,7879699.05853,15315403.7449,Paramount Pictures
3655,17130,14547136.7234,74118910.2352,Paramount Pictures
3657,15992,30306534.8405,12994662.6555,Paramount Pictures
3663,9533,94556388.7024,253600595.754,Universal Pictures
3665,12771,35155580.415,20523809.6624,Paramount Pictures
3668,10052,72735683.6172,63428425.5416,Universal Pictures
3678,17187,0.0,0.0,Universal Pictures
3682,47354,0.0,0.0,Universal Pictures
3684,13440,0.0,0.0,Universal Pictures
3685,11857,0.0,0.0,Paramount Pictures
3691,14317,42429148.7767,0.0,Paramount Pictures
3711,12277,30306534.8405,50435496.4198,Universal Pictures
3739,13,80911135.8879,997333314.601,Paramount Pictures
3743,36593,44133346.8479,75221756.0924,Paramount Pictures
3750,9331,91208916.8191,317594916.486,Paramount Pictures
3753,306,73555578.0799,175369721.964,Paramount Pictures
3763,888,67671131.8335,502577619.892,Universal Pictures
3765,193,55902239.3407,176533387.392,Paramount Pictures
3770,6280,88266693.6959,54431127.7791,Universal Pictures
3772,8850,36777789.04,70706674.9186,Universal Pictures
3781,8831,39720012.1632,149533460.506,Universal Pictures
3790,11667,51488904.6559,146263091.238,Universal Pictures
3807,2788,16917782.9584,29539699.4902,Universal Pictures
3814,2087,0.0,0.0,Universal Pictures
3820,4954,66200020.2719,0.0,Paramount Pictures
3825,11777,36777789.04,0.0,Paramount Pictures
3828,8986,0.0,26682522.7974,Paramount Pictures
3842,29918,0.0,0.0,Paramount Pictures
3853,11593,0.0,0.0,Paramount Pictures
3856,19819,0.0,0.0,Paramount Pictures
3866,10897,0.0,99017991.8415,Universal Pictures
3876,8987,0.0,0.0,Universal Pictures
3877,46717,66200020.2719,31416901.1006,Paramount Pictures
3885,21352,0.0,0.0,Paramount Pictures
3888,19855,0.0,0.0,Universal Pictures
3894,34152,0.0,0.0,Universal Pictures
3916,49040,123466756.576,262673566.242,Universal Pictures
3922,58595,161456527.83,376668581.984,Universal Pictures
3926,72105,47487214.0676,521759415.527,Universal Pictures
3927,75780,56984656.8811,207367731.488,Paramount Pictures
3940,71552,47487214.0676,223180013.581,Universal Pictures
3951,73723,66482099.6947,331309095.226,Universal Pictures
3955,44833,198496554.803,287796721.483,Universal Pictures
3959,82695,57934401.1625,419606302.503,Universal Pictures
3974,96724,0.0,65465066.031,Universal Pictures
3977,76493,61733378.2879,170364685.658,Paramount Pictures
3981,77866,23743607.0338,59928864.1533,Universal Pictures
3996,72207,28492328.4406,51200477.7214,Universal Pictures
4003,59961,80728263.9149,197619185.784,Universal Pictures
4008,87502,29442072.7219,153642388.037,Paramount Pictures
4011,78698,37989771.2541,23476933.0858,Universal Pictures
4038,72358,37989771.2541,20936426.0173,Paramount Pictures
4064,82679,13296419.9389,10843574.2676,Paramount Pictures
4071,82687,37989771.2541,39759834.3646,Paramount Pictures
4083,82990,4748721.40676,135640571.176,Paramount Pictures
4385,101267,11396931.3762,31082239.3071,Paramount Pictures
4423,310,94828211.5826,574389691.557,Universal Pictures
4430,8273,65194395.463,274348924.909,Universal Pictures
4432,9654,71121158.687,208705242.862,Paramount Pictures
4436,9486,47414105.7913,190347505.093,Universal Pictures
4440,10028,21336347.6061,74258506.2091,Universal Pictures
4442,1584,41487342.5674,155616590.812,Paramount Pictures
4445,1996,112608501.254,185514075.589,Paramount Pictures
4448,8619,177802896.717,251307931.147,Universal Pictures
4453,9341,71121158.687,87962965.5532,Paramount Pictures
4454,1927,162393312.335,290838693.893,Universal Pictures
4458,9919,59267632.2391,210247706.698,Paramount Pictures
4467,9562,94828211.5826,23091545.496,Paramount Pictures
4468,9620,71121158.687,114113676.267,Paramount Pictures
4503,4464,103125680.096,175830997.398,Universal Pictures
4543,11615,59267632.2391,46176121.1184,Universal Pictures
4552,2662,8297468.51348,19948945.6762,Universal Pictures
4571,22309,17780289.6717,35843377.2214,Paramount Pictures
4635,13778,0.0,0.0,Paramount Pictures
4653,21525,0.0,9255854.57525,Paramount Pictures
4670,597,271692064.214,2506405735.42,Paramount Pictures
4682,8413,81507619.2643,36234540.8914,Paramount Pictures
4689,754,108676825.686,333741296.175,Paramount Pictures
4695,9619,157581397.244,241979494.041,Universal Pictures
4703,11975,54338412.8429,62376108.7583,Paramount Pictures
4705,4824,81507619.2643,216443863.325,Universal Pictures
4709,10003,92375301.8329,160384313.859,Paramount Pictures
4715,2163,48904571.5586,68139206.8629,Paramount Pictures
4726,10806,47546111.2375,0.0,Paramount Pictures
4729,9437,36678428.6689,82224713.7894,Paramount Pictures
4743,11015,81507619.2643,46128704.6062,Paramount Pictures
4778,10371,47546111.2375,42942594.863,Universal Pictures
4789,12145,0.0,12744069.4717,Universal Pictures
4794,9403,38036888.99,56010404.4476,Paramount Pictures
4803,17894,21735365.1372,0.0,Paramount Pictures
4804,16992,0.0,0.0,Universal Pictures
4815,17834,0.0,0.0,Universal Pictures
4823,330,99167603.4383,311188651.422,Universal Pictures
4824,10871,50263031.8797,8805804.70095,Paramount Pictures
4837,14908,0.0,6153611.97619,Universal Pictures
4838,17832,0.0,0.0,Universal Pictures
4840,37244,0.0,0.0,Universal Pictures
4842,14817,0.0,0.0,Paramount Pictures
4856,106646,93603335.274,366925723.881,Paramount Pictures
4858,75612,112324002.329,267863327.898,Universal Pictures
4862,93456,71138534.8083,908665501.929,Universal Pictures
4863,54138,177846337.021,437469458.168,Paramount Pictures
4871,158015,2808100.05822,83614574.2265,Universal Pictures
4873,72190,187206670.548,497843379.155,Paramount Pictures
4880,72559,121684335.856,348088599.301,Paramount Pictures
4885,107985,18720667.0548,0.0,Universal Pictures
4889,60304,46801667.637,210423550.412,Paramount Pictures
4894,193756,37441334.1096,139745661.953,Universal Pictures
4897,49524,121684335.856,57705052.1464,Universal Pictures
4928,208134,14040500.2911,142119382.63,Paramount Pictures
4934,59859,26208933.8767,27144967.2295,Universal Pictures
4946,109443,46801667.637,162541269.711,Paramount Pictures
4951,134374,23400833.8185,80662946.5581,Paramount Pictures
4957,132232,14040500.2911,137126799.758,Universal Pictures
5026,76544,23400833.8185,1923493.31391,Universal Pictures
5076,82992,149765336.438,738230644.234,Universal Pictures
5203,183258,5616200.11644,0.0,Universal Pictures
5341,159154,0.0,563531.391751,Universal Pictures
5421,105,38516154.9931,772572771.714,Universal Pictures
5422,2108,2027166.05227,104450077.488,Universal Pictures
5430,606,62842147.6203,260489226.119,Universal Pictures
5438,9281,24325992.6272,139280483.763,Paramount Pictures
5441,16248,0.0,15894751.5657,Paramount Pictures
5447,15196,30407490.784,29685813.5879,Paramount Pictures
5448,9731,4459765.31499,44456598.8816,Paramount Pictures
5453,9749,0.0,0.0,Universal Pictures
5457,11177,0.0,85951840.6161,Universal Pictures
5477,11064,40543321.0453,92911369.2594,Universal Pictures
5484,17898,0.0,0.0,Paramount Pictures
5488,27590,0.0,17839061.2599,Universal Pictures
5490,11904,36488988.9408,0.0,Paramount Pictures
5492,19357,0.0,50050127.7621,Paramount Pictures
5514,9872,50679151.3067,20014299.6293,Paramount Pictures
5518,11338,231.096929958,13582012.5502,Universal Pictures
5540,8202,69226923.9586,58400727.4187,Paramount Pictures
5542,74,147386354.234,660714467.634,Paramount Pictures
5544,6957,29030645.531,122207000.115,Universal Pictures
5548,2313,0.0,0.0,Universal Pictures
5549,11283,27914082.2414,136767638.602,Universal Pictures
5555,4348,31263772.1103,135269350.237,Universal Pictures
5573,25,80392556.8551,108183814.901,Universal Pictures
5575,16320,43545968.2965,43400216.5909,Universal Pictures
5579,9621,63644107.5103,58100246.8386,Paramount Pictures
5581,8292,50245348.0345,103142169.882,Paramount Pictures
5597,179,89325063.1724,181938319.257,Universal Pictures
5610,9913,48012221.4551,102695705.351,Universal Pictures
5614,7214,33496898.6896,85606690.8045,Paramount Pictures
5622,9910,39079715.1379,34084779.3107,Universal Pictures
5626,15648,0.0,0.0,Universal Pictures
5628,6963,22331265.7931,13937808.318,Paramount Pictures
5631,11683,16748449.3448,52222337.2282,Universal Pictures
5637,10060,44662531.5862,51856021.8436,Paramount Pictures
5638,9981,50245348.0345,62606187.1228,Universal Pictures
5643,9291,91558189.7517,212504959.495,Paramount Pictures
5651,6961,16748449.3448,52673915.6189,Universal Pictures
5655,7364,145153227.655,133171929.644,Paramount Pictures
5678,10092,1116563.28965,11218863.9348,Universal Pictures
5680,11804,11165632.8965,101826573.603,Universal Pictures
5702,13499,50245348.0345,80424660.2828,Paramount Pictures
5767,13341,33496898.6896,38245471.5264,Paramount Pictures
5858,956,162250373.744,430342087.606,Paramount Pictures
5865,9693,82206856.0302,75673304.9785,Universal Pictures
5871,9767,56246796.2312,221741837.806,Universal Pictures
5895,6877,54083457.9146,95960487.0583,Paramount Pictures
5901,1247,91941878.4548,64801247.078,Universal Pictures
5904,82,146025336.369,177171468.683,Universal Pictures
5912,7516,18388375.691,61767522.0398,Universal Pictures
5922,9035,16765871.9535,0.0,Universal Pictures
5936,9353,34613413.0653,86747695.585,Paramount Pictures
5937,9676,54083457.9146,53122072.53,Universal Pictures
5939,9310,18388375.691,7911357.42881,Universal Pictures
5943,1819,58410134.5477,141083588.039,Universal Pictures
5955,1852,68145156.9724,176253548.01,Paramount Pictures
5963,9788,24878390.6407,41649680.675,Universal Pictures
5967,9907,55165127.0729,78722799.6713,Paramount Pictures
5970,1125,75716841.0804,167591309.913,Paramount Pictures
5974,12094,11898360.7412,78722488.1506,Paramount Pictures
5977,4723,18388375.691,405347.945386,Universal Pictures
5978,9615,91941878.4548,171410264.024,Universal Pictures
6000,9986,91941878.4548,155.760358794,Paramount Pictures
6012,17379,48675112.1231,41536053.4933,Paramount Pictures
6015,9829,16225037.3744,82516317.2497,Universal Pictures
6054,9895,21633383.1658,44605492.0021,Universal Pictures
6097,1967,0.0,0.0,Paramount Pictures
6112,9809,4326676.63317,5008176.878,Universal Pictures
6210,2502,86583404.9859,333057748.36,Universal Pictures
6215,10625,19625571.7968,148972948.805,Paramount Pictures
6216,7131,184711263.97,346630860.773,Universal Pictures
6226,1538,75038950.9878,251396983.988,Paramount Pictures
6227,747,4617781.59925,34678837.9076,Universal Pictures
6231,11774,161622355.974,241364107.692,Paramount Pictures
6236,5137,80811177.9869,66910149.9763,Paramount Pictures
6238,11836,34633361.9944,161809136.004,Paramount Pictures
6257,5966,48486706.7921,198522339.904,Universal Pictures
6265,2789,121216766.98,133653299.036,Universal Pictures
6276,14462,92355631.985,110949088.034,Paramount Pictures
6280,8849,69266723.9887,15464880.1547,Paramount Pictures
6284,9890,103900085.983,117753430.781,Paramount Pictures
6296,13572,57722269.9906,29086251.8483,Paramount Pictures
6300,3989,36942252.794,58769839.1442,Paramount Pictures
6307,10762,21934462.5964,80385323.8589,Paramount Pictures
6315,1677,46177815.9925,143995745.638,Universal Pictures
6319,11823,35787807.3942,47923345.5181,Universal Pictures
6321,13505,0.0,0.0,Paramount Pictures
6334,11137,0.0,0.0,Paramount Pictures
6338,7092,0.0,0.0,Universal Pictures
6374,31063,0.0,0.0,Universal Pictures
6387,8080,31170025.7949,15007790.1976,Paramount Pictures
6394,15673,23088907.9962,13092583.7504,Universal Pictures
6407,8842,45023370.5927,7635825.11907,Paramount Pictures
6424,2791,0.0,0.0,Universal Pictures
6456,12540,0.0,0.0,Universal Pictures
6457,238,31287365.5882,1277913732.39,Paramount Pictures
6461,573,18250963.2598,65703467.7352,Universal Pictures
6462,14881,0.0,33008170.6955,Universal Pictures
6463,811,5214560.93136,0.0,Universal Pictures
6479,11610,0.0,0.0,Paramount Pictures
6496,813,9261128.63522,220821131.355,Paramount Pictures
6497,525,71442992.3289,304902523.975,Universal Pictures
6501,4488,1455320.21411,158112870.402,Paramount Pictures
6505,13612,0.0,110274095.009,Universal Pictures
6506,12705,0.0,174989358.963,Universal Pictures
6522,11335,52920735.0584,0.0,Paramount Pictures
6528,17496,0.0,0.0,Paramount Pictures
6532,2768,12700976.414,60180597.3005,Paramount Pictures
6536,23954,19051464.621,33683195.8409,Paramount Pictures
6537,16619,15876220.5175,0.0,Paramount Pictures
6551,16769,0.0,0.0,Universal Pictures
6552,15668,52920735.0584,59460666.2668,Universal Pictures
6557,5922,0.0,0.0,Paramount Pictures
6558,13005,0.0,17620956.2936,Universal Pictures
6570,2503,73616800.7842,465704233.565,Universal Pictures
6576,2270,73616800.7842,142564220.405,Paramount Pictures
6585,7485,64151783.5405,100641524.145,Paramount Pictures
6586,4347,31550057.4789,135945055.154,Universal Pictures
6598,4964,31550057.4789,230395891.173,Universal Pictures
6603,1949,68358457.8711,89166682.0035,Paramount Pictures
6608,6538,78875143.6974,125148992.517,Universal Pictures
6610,4349,73616800.7842,91136082.8648,Universal Pictures
6621,8271,21033371.6526,123844633.214,Paramount Pictures
6629,3563,89391829.5237,195686301.564,Universal Pictures
6630,1738,73616800.7842,19151950.23,Paramount Pictures
6633,4169,0.0,34948276.3099,Universal Pictures
6642,2310,73616800.7842,205849271.283,Paramount Pictures
6644,8277,0.0,0.0,Universal Pictures
6654,1858,157750287.395,746379478.412,Paramount Pictures
6668,4517,26291714.5658,78073312.6582,Universal Pictures
6690,13159,21033371.6526,0.0,Universal Pictures
6710,1257,0.0,73075706.7818,Universal Pictures
6719,10074,0.0,15075039.1825,Paramount Pictures
6789,13158,0.0,0.0,Paramount Pictures
6812,14397,12620022.9916,5558275.63792,Universal Pictures
6839,14001,21033371.6526,23365348.9294,Universal Pictures
6955,15261,0.0,0.0,Universal Pictures
6963,152,105159390.088,417633006.348,Paramount Pictures
6967,11474,0.0,67572536.6939,Paramount Pictures
6974,10734,24036432.02,129195822.108,Paramount Pictures
6982,29723,42063756.035,39106337.4757,Universal Pictures
6985,6471,0.0,222221077.487,Universal Pictures
7014,33521,0.0,0.0,Universal Pictures
7021,90,31485630.5879,664053942.862,Paramount Pictures
7032,157,37782756.7055,182616657.41,Paramount Pictures
7034,1788,17212144.7214,167997673.422,Paramount Pictures
7035,9730,0.0,67.1693452542,Paramount Pictures
7045,15144,13643773.2548,49717966.4145,Universal Pictures
7050,11884,31485630.5879,60312383.6344,Universal Pictures
7064,8764,18891378.3527,42942915.7121,Paramount Pictures
7070,52744,0.0,23360358.4996,Paramount Pictures
7072,10631,0.0,0.0,Universal Pictures
7080,14746,30436109.5683,16979759.7772,Universal Pictures
7083,48677,0.0,0.0,Universal Pictures
7096,11495,0.0,0.0,Universal Pictures
7103,11221,37782756.7055,40438678.7958,Paramount Pictures
7107,27171,0.0,0.0,Universal Pictures
7117,111,54732799.944,144242170.747,Universal Pictures
7122,1621,88886067.109,197913804.597,Paramount Pictures
7125,17692,44880895.954,192631115.159,Universal Pictures
7126,4543,0.0,0.0,Universal Pictures
7127,11050,17514495.9821,0.0,Paramount Pictures
7128,18835,0.0,0.0,Universal Pictures
7135,12695,0.0,34028476.3812,Paramount Pictures
7146,11336,21893119.9776,45464601.5616,Paramount Pictures
7151,535,8757247.99103,203433504.574,Paramount Pictures
7154,15120,0.0,12432993.3697,Universal Pictures
7160,232,21893119.9776,5461194.99217,Universal Pictures
7161,10805,48164863.9507,142070300.998,Paramount Pictures
7164,10576,10946559.9888,76023859.1222,Universal Pictures
7167,837,13030785.0107,4642302.54321,Universal Pictures
7180,26198,13135871.9865,8016728.53297,Paramount Pictures
7190,9967,0.0,61081804.7375,Paramount Pictures
7201,63,42213522.5797,241604445.842,Universal Pictures
7209,524,74410277.0896,166152961.486,Universal Pictures
7210,9603,17171602.4053,0.0,Paramount Pictures
7211,9598,42929006.0132,363658635.985,Universal Pictures
7212,8839,71548343.3553,412015705.72,Universal Pictures
7215,9804,250419201.744,378087518.506,Universal Pictures
7250,9271,42929006.0132,34411891.2202,Paramount Pictures
7257,9090,0.0,68363287.2858,Universal Pictures
7261,11008,0.0,0.0,Universal Pictures
7273,11860,82996078.2922,0.0,Paramount Pictures
7278,2086,11690087.7784,11698649.2531,Paramount Pictures
7281,11381,0.0,46719169.318,Paramount Pictures
7289,9066,0.0,0.0,Paramount Pictures
7291,28313,24326436.7408,10880737.2112,Paramount Pictures
7296,11863,71548343.3553,14097327.4977,Paramount Pictures
7300,6715,0.0,0.0,Universal Pictures
7301,9059,0.0,0.0,Universal Pictures
7303,12122,0.0,0.0,Universal Pictures
7304,12158,20033536.1395,28333143.9687,Paramount Pictures
7305,9091,50083840.3487,92082962.5937,Universal Pictures
7314,10329,71548343.3553,217506963.8,Paramount Pictures
7318,9089,0.0,25069350.3782,Paramount Pictures
7340,11359,64393509.0198,0.0,Paramount Pictures
7349,11861,14309668.6711,33733798.9509,Universal Pictures
7353,20649,35774171.6777,18704909.1608,Universal Pictures
7370,766,17094266.8005,0.0,Universal Pictures
7372,9374,0.0,0.0,Universal Pictures
7374,8872,31080485.0918,189120591.661,Paramount Pictures
7375,11806,0.0,228774202.762,Universal Pictures
7380,2322,0.0,163534154.19,Universal Pictures
7385,1492,73039139.9657,11175608.4704,Paramount Pictures
7386,10906,12432194.0367,26562086.5324,Paramount Pictures
7387,9475,48174751.8923,208387275.587,Universal Pictures
7397,9876,0.0,109731532.986,Universal Pictures
7398,9869,69931091.4565,276696484.766,Paramount Pictures
7405,14684,0.0,22867571.0259,Paramount Pictures
7424,14239,0.0,21928197.5525,Paramount Pictures
7427,11066,62160970.1836,108937100.247,Paramount Pictures
7433,10407,0.0,0.0,Universal Pictures
7445,16136,7770121.27294,31308740.1743,Paramount Pictures
7452,25095,0.0,0.0,Paramount Pictures
7453,13199,0.0,0.0,Universal Pictures
7454,18722,0.0,31080485.0918,Universal Pictures
7457,37527,0.0,13059138.7038,Universal Pictures
7462,10424,31080485.0918,17701080.6374,Paramount Pictures
7463,12772,0.0,0.0,Paramount Pictures
7472,13937,18648291.0551,57763170.1225,Universal Pictures
7473,22004,0.0,0.0,Universal Pictures
7476,14603,0.0,0.0,Universal Pictures
7478,61225,0.0,27243557.2485,Universal Pictures
7484,2007,0.0,11323223.6803,Universal Pictures
7486,19087,0.0,0.0,Paramount Pictures
7496,814,23981908.0486,76677951.7532,Universal Pictures
7501,11816,0.0,46179482.998,Universal Pictures
7503,9725,2997738.50607,52095361.6592,Paramount Pictures
7506,11281,5995477.01214,61234967.5405,Universal Pictures
7510,19114,0.0,0.0,Universal Pictures
7528,25566,0.0,0.0,Paramount Pictures
7529,848,43167434.4874,14389144.8291,Paramount Pictures
7533,21610,11990954.0243,47736848.9212,Universal Pictures
7543,21515,0.0,0.0,Paramount Pictures
7546,24634,0.0,0.0,Universal Pictures
7554,39874,5276019.77068,0.0,Paramount Pictures
7555,15660,0.0,0.0,Paramount Pictures
7563,12472,0.0,0.0,Universal Pictures
7564,26560,0.0,37359584.7293,Universal Pictures
7569,954,111217339.117,636297139.643,Paramount Pictures
7583,199,63949969.9922,208532510.844,Paramount Pictures
7584,9614,16682600.8675,57284018.3603,Universal Pictures
7590,8840,79242354.1207,160246634.181,Universal Pictures
7592,11228,111217339.117,221339839.455,Universal Pictures
7593,9103,41706502.1688,79799201.2649,Universal Pictures
7597,664,127899939.984,687422589.604,Universal Pictures
7605,10061,69510836.948,58774700.5021,Paramount Pictures
7613,1592,41706502.1688,142658735.295,Paramount Pictures
7618,10280,0.0,0.0,Paramount Pictures
7632,10723,34755418.474,31435516.9514,Universal Pictures
7648,11112,0.0,0.0,Universal Pictures
7652,17182,27804334.7792,0.0,Paramount Pictures
7653,3179,16682600.8675,0.0,Paramount Pictures
7664,2925,36145635.213,161821228.415,Paramount Pictures
7686,36355,35492233.3457,27915579.9227,Universal Pictures
7688,12606,0.0,0.0,Paramount Pictures
7703,9826,62559753.2532,24051985.4867,Paramount Pictures
7709,13997,0.0,44.4869356467,Paramount Pictures
7727,18414,0.0,0.0,Paramount Pictures
7750,38223,16682600.8675,0.0,Paramount Pictures
7754,32308,0.0,0.0,Universal Pictures
7757,3065,0.0,0.0,Universal Pictures
7769,955,158286514.293,691886948.732,Paramount Pictures
7773,3981,88640448.004,473734704.458,Paramount Pictures
7781,3536,78510111.0893,161662974.581,Universal Pictures
7786,134,32923594.9729,89906740.1184,Universal Pictures
7805,5994,75977526.8606,157963714.906,Universal Pictures
7808,11478,18994381.7151,44329315.9794,Universal Pictures
7822,479,58249437.2598,135742080.103,Paramount Pictures
7826,10685,41787639.7733,0.0,Universal Pictures
7827,889,105102245.49,75304207.6861,Universal Pictures
7833,24476,0.0,0.0,Universal Pictures
7852,10479,75977526.8606,89906740.1184,Paramount Pictures
7875,11004,44320224.002,0.0,Paramount Pictures
7877,16340,0.0,0.0,Paramount Pictures
7883,10391,50651684.5737,0.0,Paramount Pictures
7887,1831,31657302.8586,30850386.0671,Paramount Pictures
7934,10783,82308987.4323,0.0,Paramount Pictures
7935,15489,0.0,0.0,Paramount Pictures
7948,17711,96238200.6901,44490945.5049,Universal Pictures
7963,601,23726245.2268,1791694309.25,Universal Pictures
7964,1091,22596424.0255,31144285.1723,Universal Pictures
7966,6217,0.0,0.0,Universal Pictures
7970,9387,45192848.051,155579712.388,Universal Pictures
7971,150,2259642.40255,178214624.903,Paramount Pictures
7972,154,27115708.8306,218733384.567,Paramount Pictures
7973,13342,10168390.8115,61220220.4552,Universal Pictures
7979,2665,0.0,61350497.8783,Paramount Pictures
7983,9442,0.0,41116837.296,Universal Pictures
7988,2623,0.0,293291537.481,Paramount Pictures
7992,9037,29827279.7137,34282110.4789,Paramount Pictures
7996,15600,0.0,31634993.6357,Universal Pictures
8004,9728,9038569.6102,82906431.1456,Paramount Pictures
8006,10676,5649106.00638,32538850.5967,Universal Pictures
8011,22023,49712132.8561,0.0,Universal Pictures
8014,16363,0.0,0.0,Universal Pictures
8024,47955,18077139.2204,0.0,Paramount Pictures
8042,37165,80261728.1447,353309720.779,Paramount Pictures
8047,857,93638682.8355,644556400.786,Paramount Pictures
8064,8656,100327160.181,187898944.598,Paramount Pictures
8067,297,120392592.217,191210324.12,Universal Pictures
8074,1878,24747366.1779,14286955.476,Universal Pictures
8084,11551,53507818.7631,73148595.3596,Universal Pictures
8086,200,93638682.8355,157848065.351,Paramount Pictures
8090,1389,64209382.5158,103999894.055,Universal Pictures
8094,10312,66884773.4539,270606298.432,Universal Pictures
8107,9429,22740822.9743,40573861.9924,Paramount Pictures
8117,8688,97651769.2427,138975067.095,Paramount Pictures
8119,9440,86950205.4901,0.0,Universal Pictures
8120,10215,8026172.81447,77586337.2065,Paramount Pictures
8121,26269,0.0,0.0,Paramount Pictures
8129,11568,37455473.1342,18796472.7111,Universal Pictures
8131,11258,93638682.8355,26580767.4439,Paramount Pictures
8132,9422,93638682.8355,75851213.7513,Paramount Pictures
8140,18316,0.0,0.0,Universal Pictures
8158,10223,0.0,0.0,Paramount Pictures
8167,31473,0.0,0.0,Universal Pictures
8168,14557,0.0,0.0,Paramount Pictures
8181,9490,10701563.7526,23356189.644,Universal Pictures
8215,27472,0.0,0.0,Paramount Pictures
8237,165,70359397.5617,583982999.762,Universal Pictures
8249,172,52769548.1713,123480742.721,Paramount Pictures
8254,8913,20228326.799,101087926.908,Paramount Pictures
8257,2604,24625789.1466,283199561.942,Universal Pictures
8258,2616,26384774.0856,139414574.633,Universal Pictures
8261,9942,19348834.3295,87592433.3393,Paramount Pictures
8262,5971,35179698.7809,0.0,Paramount Pictures
8265,10345,32714340.67,137636432.589,Universal Pictures
8272,10283,8794924.69522,24625789.1466,Paramount Pictures
8273,11352,54528533.1103,130401979.069,Universal Pictures
8279,14550,0.0,0.0,Universal Pictures
8282,9085,52769548.1713,107060389.647,Paramount Pictures
8292,4105,52769548.1713,80723709.7274,Paramount Pictures
8306,925,11433402.1038,65602126.0499,Universal Pictures
8328,14628,14152370.6632,61830009.2329,Universal Pictures
8340,183,10553909.6343,25116370.0461,Universal Pictures
8353,19118,0.0,0.0,Paramount Pictures
8368,1598,56038249.4676,291879225.084,Universal Pictures
8369,174,43229506.7321,155145896.383,Paramount Pictures
8370,37137,36825135.3644,139183658.798,Paramount Pictures
8373,2924,120081963.145,243956250.779,Universal Pictures
8374,2907,48032785.2579,306613163.481,Paramount Pictures
8381,10380,0.0,0.0,Universal Pictures
8396,11187,20814206.9451,32918877.1088,Universal Pictures
8397,13122,9606557.05158,0.0,Universal Pictures
8403,1633,17612021.2612,191200107.145,Universal Pictures
8404,11384,0.0,105024461.496,Universal Pictures
8416,11364,0.0,0.0,Paramount Pictures
8420,1496,9606557.05158,1910203.02818,Universal Pictures
8428,1713,22415299.787,52007789.6369,Universal Pictures
8432,10804,0.0,0.0,Universal Pictures
8433,11498,0.0,60867753.8941,Paramount Pictures
8437,25562,0.0,58423698.4796,Paramount Pictures
8438,16270,0.0,0.0,Universal Pictures
8447,20704,0.0,0.0,Paramount Pictures
8450,19065,0.0,0.0,Universal Pictures
8451,18886,56038249.4676,0.0,Paramount Pictures
8452,3784,0.0,36462543.8739,Paramount Pictures
8457,20096,0.0,0.0,Paramount Pictures
8461,21219,36825135.3644,32416990.5411,Universal Pictures
8465,17956,0.0,0.0,Paramount Pictures
8480,13644,0.0,23715387.1747,Paramount Pictures
8490,37136,22126692.2771,145217807.783,Paramount Pictures
8495,9602,71911749.9005,532427775.711,Paramount Pictures
8499,9493,27658365.3464,399413325.505,Universal Pictures
8501,12144,22679859.584,155736595.742,Universal Pictures
8503,9647,0.0,111238257.641,Paramount Pictures
8506,9396,0.0,441807739.696,Paramount Pictures
8523,8337,7375564.09236,23987045.5592,Universal Pictures
8524,15158,5531673.06927,13428783.5814,Universal Pictures
8530,10281,5162894.86465,35347392.7565,Paramount Pictures
8549,11851,0.0,37475418.1668,Paramount Pictures
8550,9013,55316730.6927,70830503.2679,Universal Pictures
8553,11051,12907237.1616,15439978.2126,Universal Pictures
8556,10868,0.0,0.0,Paramount Pictures
8561,2617,44253384.5542,80126708.5033,Universal Pictures
8562,10130,40565602.508,0.0,Universal Pictures
8569,12714,0.0,0.0,Paramount Pictures
8587,30502,0.0,27883320.0512,Paramount Pictures
8598,11503,12907237.1616,36131101.7581,Universal Pictures
8602,19382,36877820.4618,95301135.0624,Universal Pictures
8631,580,44138850.0755,99563837.1553,Universal Pictures
8635,96,38381608.7613,575657032.691,Paramount Pictures
8638,117,47977010.9516,146369136.274,Paramount Pictures
8641,10998,26867126.1329,614385336.767,Paramount Pictures
8644,2609,0.0,94476867.3084,Paramount Pictures
8647,11548,0.0,124910637.06,Universal Pictures
8655,15143,0.0,35606518.6557,Paramount Pictures
8658,10023,38381608.7613,127951840.293,Universal Pictures
8670,8989,0.0,95951360.1387,Universal Pictures
8671,10021,23028965.2568,213011939.175,Universal Pictures
8678,8852,5757241.31419,27217342.9602,Universal Pictures
8698,17159,0.0,96922495.4417,Paramount Pictures
8699,14671,0.0,67387411.8686,Paramount Pictures
8707,5709,0.0,0.0,Universal Pictures
8709,14464,0.0,8090572.53654,Paramount Pictures
8716,12506,0.0,0.0,Universal Pictures
8725,10652,0.0,26558929.4909,Paramount Pictures
8727,13339,0.0,7073465.66161,Universal Pictures
8744,805,20060683.5678,209354710.499,Paramount Pictures
8751,11356,0.0,0.0,Paramount Pictures
8752,6003,0.0,243870320.219,Paramount Pictures
8766,32726,0.0,0.0,Universal Pictures
8768,26170,0.0,19496476.8424,Universal Pictures
8773,240,57489690.5507,210247939.768,Paramount Pictures
8774,829,26533703.3311,132668516.655,Paramount Pictures
8779,592,7075654.22162,19546494.7872,Paramount Pictures
8781,4176,0.0,122208559.33,Paramount Pictures
8784,27932,13266851.6655,207847342.76,Universal Pictures
8785,5121,13266851.6655,56605233.773,Universal Pictures
8787,11034,28744845.2753,117337342.871,Paramount Pictures
8796,13939,13266851.6655,97290245.5473,Paramount Pictures
8805,11123,30955987.2196,352308556.014,Universal Pictures
8806,4985,0.0,190193917.149,Paramount Pictures
8807,59189,0.0,0.0,Paramount Pictures
8818,578,28362748.2044,1907005841.92,Universal Pictures
8825,11963,0.0,111328859.583,Paramount Pictures
8837,3121,8914006.57854,0.0,Paramount Pictures
8842,20187,0.0,57535860.6433,Universal Pictures
8844,62697,0.0,0.0,Paramount Pictures
8847,17599,60777317.5809,0.0,Universal Pictures
8851,17538,0.0,32503709.4423,Universal Pictures
8858,27716,0.0,0.0,Paramount Pictures
8862,595,14416897.7575,94645823.677,Universal Pictures
8864,11385,0.0,0.0,Paramount Pictures
8868,11697,23067036.412,57667591.0301,Paramount Pictures
8888,12708,0.0,0.0,Universal Pictures
8894,506,15010752.794,49211871.872,Universal Pictures
8902,4939,0.0,0.0,Universal Pictures
8915,7348,8436320.89234,0.0,Paramount Pictures
8920,39231,0.0,0.0,Universal Pictures
8927,15421,0.0,0.0,Paramount Pictures
8940,343,6462233.89732,0.0,Paramount Pictures
8942,15393,3904266.31297,57083066.093,Universal Pictures
8944,31283,0.0,0.0,Paramount Pictures
8951,10514,35003766.9438,0.0,Universal Pictures
8953,27236,4577415.67727,0.0,Universal Pictures
8988,196,66755941.6126,408091726.335,Universal Pictures
8991,242,90120521.177,228248681.236,Paramount Pictures
8993,251,36715767.8869,842793762.859,Paramount Pictures
8997,11186,21695681.0241,59685828.1809,Universal Pictures
8999,1669,50.0669562094,333.779708063,Paramount Pictures
9001,2119,100133912.419,263553680.789,Paramount Pictures
9005,9362,18357883.9435,81061739.9002,Universal Pictures
9010,11595,63418144.532,256207591.619,Paramount Pictures
9012,9399,10013391.2419,40184066.1578,Universal Pictures
9029,41823,16688985.4031,26958707.7785,Universal Pictures
9033,1727,0.0,0.0,Universal Pictures
9035,9556,26702376.645,81573260.6406,Universal Pictures
9051,19158,17523434.6733,19330669.8825,Paramount Pictures
9057,20701,5.00669562094,26.702376645,Paramount Pictures
9075,32669,31709072.266,16688985.4031,Paramount Pictures
9080,41003,0.0,29184914.9596,Universal Pictures
9090,11060,0.0,46285884.6564,Paramount Pictures
9092,25943,0.0,0.0,Paramount Pictures
9093,32043,0.0,28434504.7443,Universal Pictures
9106,10485,0.0,41234532.6483,Universal Pictures
9110,31597,0.0,0.0,Universal Pictures
9135,18228,0.0,0.0,Paramount Pictures
9138,28333,0.0,0.0,Paramount Pictures
9168,15788,0.0,73729674.572,Paramount Pictures
9170,18973,22118902.3716,52348068.9461,Paramount Pictures
9178,10730,91960752.6834,201602665.176,Paramount Pictures
9181,5854,7663396.05695,30270414.425,Universal Pictures
9183,10518,24906037.1851,83182409.1342,Paramount Pictures
9192,12584,0.0,0.0,Paramount Pictures
9201,6883,0.0,0.0,Universal Pictures
9209,11422,0.0,0.0,Universal Pictures
9213,15462,0.0,0.0,Universal Pictures
9217,23479,134109430.997,135348188.316,Paramount Pictures
9221,424,33208339.1574,484941026.518,Universal Pictures
9222,329,95096607.587,1388863311.76,Universal Pictures
9232,2758,0.0,73841825.9635,Paramount Pictures
9234,867,60378798.4679,175551356.546,Paramount Pictures
9243,6075,45284098.851,55119823.235,Universal Pictures
9252,1587,16604169.5787,45284098.851,Paramount Pictures
9259,37233,63397738.3913,407931792.185,Paramount Pictures
9264,7984,19623109.5021,99318386.763,Universal Pictures
9267,10433,0.0,16727321.195,Universal Pictures
9279,8873,0.0,72401726.7129,Paramount Pictures
9280,2019,27170459.3106,111987088.9,Universal Pictures
9290,7305,48303038.7744,55448732.2113,Paramount Pictures
9300,20339,0.0,4830303.87744,Universal Pictures
9301,9612,0.0,0.0,Paramount Pictures
9302,10438,22642049.4255,178484356.306,Universal Pictures
9311,4478,57359858.5446,402445913.427,Paramount Pictures
9321,12187,0.0,25041412.3084,Universal Pictures
9338,25389,0.0,14389618.6505,Universal Pictures
9353,15613,30016643.4158,29773289.6875,Paramount Pictures
9368,27804,21132579.4638,0.0,Paramount Pictures
9374,10423,21132579.4638,95872087.2136,Universal Pictures
9384,2047,0.0,0.0,Universal Pictures
9389,15278,0.0,27100688.59,Universal Pictures
9415,17887,0.0,0.0,Paramount Pictures
9418,27277,0.0,39220582.4387,Universal Pictures
9419,2984,22878673.0893,13073527.4796,Universal Pictures
9425,32489,0.0,0.0,Universal Pictures
9433,4808,28480717.4862,95941483.5179,Universal Pictures
9444,24748,0.0,0.0,Paramount Pictures
9447,15875,0.0,0.0,Paramount Pictures
9452,18331,0.0,0.0,Paramount Pictures
9467,744,29841096.1629,709881085.221,Paramount Pictures
9468,9377,11936438.4652,139529742.123,Paramount Pictures
9471,4978,0.0,168188400.766,Universal Pictures
9479,168,47745753.8607,264591052.645,Paramount Pictures
9480,10658,73608037.2019,75523385.9697,Universal Pictures
9491,9671,9947032.05431,652930158.904,Paramount Pictures
9493,10136,49735160.2716,158790319.548,Paramount Pictures
9496,10466,19894064.1086,109416658.295,Universal Pictures
9501,10225,5968219.23259,38737835.0285,Paramount Pictures
9507,11522,0.0,80514585.8305,Paramount Pictures
9522,24913,9947032.05431,0.0,Paramount Pictures
9523,12662,0.0,28809799.816,Universal Pictures
9532,13818,0.0,0.0,Paramount Pictures
9533,13698,0.0,72835371.646,Paramount Pictures
9551,9930,0.0,0.0,Universal Pictures
9561,1890,0.0,63368721.5577,Paramount Pictures
9573,21867,16909954.4923,0.0,Paramount Pictures
9582,9277,27011377.6834,783901253.279,Universal Pictures
9584,11901,0.0,0.0,Universal Pictures
9591,12545,0.0,64827306.4402,Universal Pictures
9592,9040,14733478.7364,146352555.448,Paramount Pictures
9593,27331,0.0,0.0,Universal Pictures
9594,11293,0.0,0.0,Paramount Pictures
9601,15171,0.0,0.0,Paramount Pictures
9613,25680,0.0,0.0,Paramount Pictures
9618,70345,0.0,0.0,Universal Pictures
9635,9062,12356010.3566,766072642.108,Paramount Pictures
9639,11916,0.0,28362660.1367,Universal Pictures
9641,10671,56163683.439,564384086.582,Universal Pictures
9647,14801,0.0,0.0,Universal Pictures
9677,37921,0.0,0.0,Paramount Pictures
9680,16211,0.0,0.0,Paramount Pictures
9687,13580,0.0,0.0,Paramount Pictures
9690,21027,0.0,0.0,Universal Pictures
9711,2370,23777056.8046,0.0,Universal Pictures
9714,20391,0.0,0.0,Paramount Pictures
9720,17529,0.0,84705764.8663,Paramount Pictures
9731,33166,0.0,0.0,Paramount Pictures
9733,621,20056204.1695,607749015.324,Paramount Pictures
9734,579,66854013.8983,628040000.762,Universal Pictures
9738,8469,9025291.87627,471320797.983,Universal Pictures
9740,11778,50140510.4237,167135034.746,Universal Pictures
9742,11455,0.0,139025906.933,Paramount Pictures
9743,16642,0.0,0.0,Paramount Pictures
9747,26973,0.0,0.0,Paramount Pictures
9751,15659,0.0,0.0,Paramount Pictures
9765,24961,80224816.6779,70360684.0904,Universal Pictures
9767,55457,9025291.87627,0.0,Universal Pictures
9771,34130,0.0,0.0,Paramount Pictures
9774,14839,0.0,0.0,Universal Pictures
9775,12185,0.0,0.0,Paramount Pictures
9787,31948,0.0,18180705.0625,Universal Pictures
9802,5780,20154044.0769,87334190.9999,Universal Pictures
9803,6644,31258922.3633,40308088.1538,Paramount Pictures
9806,23030,32246470.523,0.0,Universal Pictures
9822,28270,0.0,0.0,Universal Pictures
9827,13343,4702610.28461,0.0,Universal Pictures
9829,5921,0.0,0.0,Paramount Pictures
9878,277216,25759988.6656,185504110.098,Universal Pictures
10487,100042,36843642.0309,156435350.001,Universal Pictures
11079,38985,79151182.7165,43173372.3908,Universal Pictures
11243,20829,76230032.5594,62466935.9857,Universal Pictures
11261,17336,0.0,33006709.6658,Universal Pictures
11596,20662,200000000.0,310669540.0,Universal Pictures
11603,39451,100000000.0,310650585.0,Universal Pictures
12055,11374,104724227.728,0.0,Universal Pictures
12105,6522,104724227.728,96012518.996,Universal Pictures
12111,10397,32.7263211649,17.0176870057,Universal Pictures
12221,634,30787202.9173,347193192.284,Universal Pictures
12390,1722,70194822.6515,76491292.086,Universal Pictures
12430,217,187365527.255,796694459.895,Paramount Pictures
12490,11499,0.0,0.0,Universal Pictures
13023,44564,67857862.9814,65058885.1147,Universal Pictures
13406,2752,20608443.6915,0.0,Universal Pictures
13669,12778,0.0,19339198.7532,Universal Pictures
13675,12280,8826669.36959,0.0,Universal Pictures
13679,19176,0.0,0.0,Universal Pictures
14276,10601,118535264.478,144583401.886,Universal Pictures
14328,10159,100754974.807,95914577.7987,Universal Pictures
14330,584,90086801.0035,280158881.112,Universal Pictures
14352,11775,71121158.687,142172162.278,Universal Pictures
14537,1624,61130714.4482,245881318.114,Universal Pictures
14581,11015,81507619.2643,46128704.6062,Universal Pictures
14734,152532,4680166.7637,51667435.7741,Universal Pictures
15390,254,231128600.958,614109809.31,Universal Pictures
15440,612,78159430.2758,145553974.502,Universal Pictures
15699,1581,91941878.4548,210026294.296,Universal Pictures
15710,388,48675112.1231,199434107.473,Universal Pictures
15748,9975,54083457.9146,75538165.5605,Universal Pictures
16044,9801,57722269.9906,46412191.4976,Universal Pictures
16061,693,92355631.985,596436064.274,Universal Pictures
16427,4982,105166858.263,280232907.783,Universal Pictures
16466,2698,184042001.961,181938664.795,Universal Pictures
16824,11519,105159390.088,95411841.7285,Universal Pictures
16834,11145,0.0,185687359.331,Universal Pictures
16855,87,58773177.0974,698980999.052,Paramount Pictures
17040,568,74410277.0896,508333712.063,Universal Pictures
17281,11259,93241455.2753,214119429.25,Universal Pictures
17328,85,43167434.4874,935116878.227,Paramount Pictures
17429,9327,75071703.9039,179017298.884,Universal Pictures
17440,10779,41706502.1688,40815673.5259,Universal Pictures
17476,10543,0.0,0.0,Universal Pictures
17534,6346,69510836.948,31335984.384,Universal Pictures
17536,9099,0.0,0.0,Universal Pictures
17602,98,130428087.777,579506463.915,Universal Pictures
17604,8871,155753930.064,437049836.952,Universal Pictures
17623,1597,69646066.2889,418438688.415,Universal Pictures
17698,12107,106368537.605,156143878.389,Universal Pictures
17913,1934,33442386.727,387019102.158,Universal Pictures
17963,8838,80261728.1447,0.0,Universal Pictures
17991,11252,80261728.1447,49683521.3174,Universal Pictures
18072,89,84431277.0741,834061065.273,Paramount Pictures
18102,1552,0.0,222155980.804,Universal Pictures
18260,28597,0.0,0.0,Universal Pictures
18431,28176,0.0,0.0,Paramount Pictures
18866,9768,18357883.9435,13795687.7664,Universal Pictures
18884,951,25033478.1047,337046890.709,Universal Pictures
18901,11077,0.0,0.0,Universal Pictures
19187,12574,0.0,0.0,Universal Pictures
19425,838,3815970.99273,564783351.562,Universal Pictures
22065,453,73889287.0016,386123667.022,Universal Pictures
22749,49849,158011880.942,169472419.656,Universal Pictures
23277,9266,30306534.8405,62846878.2936,Universal Pictures
24140,10588,0.0,0.0,Universal Pictures
25260,921,98257569.4896,121191680.085,Universal Pictures
